job_id,job_family,seniority,salary_range,remote_policy,urgency_level,applications_received,cv_screen_days,technical_interview_days,manager_interview_days,offer_approval_days,recruiter_experience_years,open_positions_per_recruiter,time_to_hire_days
1,Engineering,Senior,50000-70000,Remote,Medium,84,4.7,24.4,6.4,4.5,5.9,7.7,46.2
2,Product,Mid,70000-90000,Remote,Medium,86,5.4,16.9,5.4,7.8,5.4,4.1,33.8
3,Data,Mid,40000-50000,Hybrid,High,110,3.3,10.7,10.5,1.2,3.0,5.8,24.8
4,Data,Senior,70000-90000,Hybrid,High,134,4.4,17.7,5.3,4.0,5.4,5.4,27.3
5,Engineering,Senior,90000-110000,Hybrid,High,156,5.0,5.0,5.9,5.0,7.9,4.0,20.9
6,Engineering,Junior,90000-110000,Hybrid,High,87,7.7,15.0,7.4,4.2,5.9,6.7,37.5
7,Engineering,Lead,40000-50000,Hybrid,Medium,179,6.5,16.6,4.6,3.8,6.9,4.9,30.0
8,Product,Senior,50000-70000,Hybrid,Medium,109,6.4,19.6,6.2,2.1,4.5,7.3,37.7
9,Data,Lead,40000-50000,Remote,Medium,119,7.7,9.9,7.6,4.3,6.5,3.9,26.1
10,Data,Senior,40000-50000,Remote,Medium,90,5.7,15.4,6.3,2.9,5.6,9.4,sixty
11,Engineering,Mid,40000-50000,Remote,Low,23,6.8,10.4,6.8,1.0,3.1,4.2,25.9
12,Product,Mid,70000-90000,Onsite,Medium,155,5.8,16.3,5.9,5.8,5.6,6.4,30.0
13,Product,Lead,90000-110000,Onsite,Low,149,6.5,10.5,4.0,5.4,3.0,7.6,37.9
14,Engineering,Senior,40000-50000,Remote,High,108,4.8,13.0,7.6,4.1,3.7,4.9,31.3
15,Engineering,,40000-50000,Hybrid,High,122,1.1,10.0,10.5,4.3,5.4,7.7,31.3
16,Engineering,Junior,40000-50000,Onsite,High,140,5.7,18.3,7.0,5.6,5.6,3.5,43.3
17,Engineering,Mid,70000-90000,Remote,Medium,57,8.8,19.3,7.5,4.3,2.6,8.9,50.0
18,Data,Senior,70000-90000,Remote,Low,98,7.9,13.8,8.4,5.4,7.1,6.0,37.4
19,Engineering,Lead,70000-90000,Onsite,High,151,7.9,15.2,4.5,3.6,6.1,4.8,25.1
20,Engineering,Junior,40000-50000,Remote,Low,69,8.5,7.8,10.4,6.0,3.6,5.4,35.3
21,Data,Mid,50000-70000,Hybrid,High,131,6.2,13.5,7.4,4.5,1.9,7.6,43.7
22,Engineering,Mid,50000-70000,Remote,Low,65,6.4,14.7,10.3,4.3,4.7,4.8,29.5
23,Engineering,Lead,50000-70000,Onsite,High,138,4.8,28.1,5.5,2.1,4.1,4.5,43.3
24,Engineering,Senior,90000-110000,Onsite,High,118,5.4,9.4,10.6,4.4,5.2,5.6,32.4
25,Engineering,Senior,40000-50000,Onsite,Medium,55,7.2,22.3,8.6,2.8,4.3,3.6,41.4
26,Data,Mid,50000-70000,Remote,High,166,8.4,20.0,8.1,3.0,1.0,9.6,58.0
27,Engineering,Mid,50000-70000,Hybrid,High,90,,16.4,7.5,2.8,4.2,4.9,36.3
28,Data,Junior,50000-70000,Hybrid,High,87,5.1,23.8,6.5,2.4,4.4,7.7,51.4
29,Data,Junior,40000-50000,Remote,Low,128,6.0,16.9,9.4,7.2,6.3,6.4,36.6
30,Engineering,Senior,50000-70000,Hybrid,Medium,165,,16.9,7.3,6.0,3.6,4.0,39.8
31,Data,Senior,50000-70000,Remote,High,79,3.1,14.7,3.1,6.9,8.4,6.0,27.2
32,Engineering,Lead,40000-50000,Remote,Medium,122,1.4,21.1,4.8,2.2,1.2,7.6,34.1
33,Engineering,Lead,90000-110000,Remote,Medium,137,4.9,20.5,6.6,4.1,7.6,5.6,40.2
34,Product,,,Remote,High,147,3.6,11.9,7.6,2.1,4.6,8.4,43.9
35,Product,Senior,50000-70000,Remote,Medium,127,5.0,8.4,6.9,3.0,6.7,8.0,27.1
36,Product,Lead,70000-90000,Hybrid,High,105,5.7,14.0,9.4,2.6,5.2,7.8,39.8
37,Engineering,Senior,90000-110000,Remote,High,86,5.1,11.0,3.1,5.9,7.3,5.1,24.4
38,Engineering,Junior,90000-110000,Hybrid,Medium,123,8.9,14.7,7.3,3.4,4.2,3.8,31.4
39,Data,Mid,50000-70000,Remote,High,77,6.7,21.2,3.4,5.6,2.8,4.8,31.5
40,Engineering,Junior,40000-50000,Remote,Medium,20,6.6,12.7,8.5,4.9,7.8,6.4,29.4
41,Engineering,Lead,90000-110000,Remote,Medium,137,7.2,14.8,6.8,7.5,4.8,7.1,34.2
42,Engineering,Mid,70000-90000,Hybrid,High,156,3.7,15.3,7.8,1.8,5.4,1.7,33.1
43,Engineering,Junior,70000-90000,Remote,Medium,25,,19.2,5.3,5.9,7.5,6.0,37.9
44,Product,Senior,70000-90000,Hybrid,High,79,,5.0,9.6,5.7,2.9,6.3,30.3
45,Engineering,Mid,70000-90000,Hybrid,Low,144,7.3,12.0,9.1,2.5,6.2,5.4,36.1
46,Data,Mid,90000-110000,Hybrid,Medium,202,3.9,16.1,8.2,5.5,3.8,8.6,36.3
47,Engineering,Junior,50000-70000,Remote,Low,120,2.9,21.0,6.7,4.5,4.7,6.8,35.9
48,Data,Senior,50000-70000,Remote,Medium,90,7.6,12.5,8.2,3.7,5.1,8.6,39.1
49,Data,Mid,70000-90000,Hybrid,High,112,6.8,5.6,5.6,2.8,2.0,5.6,31.8
50,Engineering,Senior,50000-70000,Remote,Medium,174,4.2,18.1,8.7,2.9,3.4,7.9,
51,Product,Mid,70000-90000,Hybrid,Low,94,4.3,11.8,10.3,7.1,7.7,9.3,39.4
52,Data,Senior,70000-90000,Remote,Medium,88,8.3,9.1,9.1,4.0,6.8,8.6,35.6
53,Product,Mid,40000-50000,Onsite,Low,100,3.6,11.9,5.5,5.2,4.9,3.8,28.1
54,Product,Mid,90000-110000,Hybrid,Low,81,9.3,14.1,7.7,2.8,5.5,5.5,
55,Data,Senior,90000-110000,Onsite,High,124,4.2,12.0,4.4,2.8,4.4,5.3,20.9
56,Product,Mid,70000-90000,Remote,High,184,7.3,5.0,8.1,5.6,7.7,7.0,27.5
57,Engineering,Junior,90000-110000,Hybrid,Medium,132,5.3,19.5,7.9,2.0,4.6,7.4,34.9
58,Engineering,Junior,50000-70000,Remote,Medium,109,7.2,21.4,3.3,3.4,5.5,4.3,35.6
59,Engineering,Senior,70000-90000,Remote,Low,108,4.9,18.3,4.7,4.1,7.3,6.1,29.9
60,Engineering,Mid,40000-50000,Hybrid,Low,57,5.7,9.3,6.4,4.2,3.4,2.0,37.1
61,Engineering,Senior,50000-70000,Hybrid,High,155,6.1,14.0,6.4,3.7,8.1,8.9,33.6
62,Engineering,Junior,40000-50000,Onsite,High,116,4.0,15.0,4.6,4.6,1.9,5.0,26.3
63,Product,Junior,40000-50000,Hybrid,Medium,112,7.5,18.0,7.8,5.0,8.3,6.1,36.9
64,Engineering,Junior,90000-110000,Remote,High,247,5.0,18.3,7.5,5.1,4.3,5.4,41.5
65,Engineering,Mid,90000-110000,Remote,Low,131,5.5,11.3,6.6,2.5,4.5,8.3,41.4
66,Data,Mid,70000-90000,Hybrid,Medium,89,4.0,15.4,5.5,3.6,1.2,1.0,25.6
67,Engineering,Mid,90000-110000,Remote,Medium,102,1.0,17.3,9.1,5.8,4.1,6.0,
68,Product,Mid,40000-50000,Remote,High,165,5.6,22.3,10.3,5.3,2.9,5.8,52.8
69,Engineering,Lead,40000-50000,Remote,Medium,124,10.8,18.5,6.0,1.9,3.8,5.1,33.5
70,Product,Mid,50000-70000,Remote,Medium,62,7.6,18.9,5.8,4.5,4.7,9.5,43.1
71,Data,Mid,40000-50000,Remote,Medium,156,6.0,15.4,8.0,1.0,6.9,4.2,27.1
72,Engineering,Senior,70000-90000,Remote,High,93,5.5,22.1,6.3,4.1,5.4,7.5,42.3
73,Engineering,Mid,70000-90000,Remote,Medium,194,6.0,17.0,6.7,6.8,5.6,6.7,43.4
74,Product,Mid,90000-110000,Remote,Low,163,7.1,10.7,8.5,2.6,2.8,8.5,34.8
75,Data,,90000-110000,Onsite,High,102,3.6,22.0,3.2,2.7,3.2,4.7,33.3
76,Data,Lead,90000-110000,Remote,High,171,8.2,18.5,9.6,5.1,8.6,4.5,37.9
77,Data,Junior,70000-90000,Remote,High,122,7.4,12.8,7.1,1.7,3.5,8.2,37.8
78,Engineering,Lead,40000-50000,Hybrid,Medium,154,7.4,12.6,6.2,3.1,8.3,6.9,30.1
79,Engineering,Mid,90000-110000,Remote,Medium,139,6.9,16.5,6.8,4.9,4.5,2.9,36.2
80,Engineering,Junior,50000-70000,Onsite,Medium,86,6.0,17.3,6.9,3.0,5.0,4.9,38.9
81,Product,Mid,90000-110000,Hybrid,High,94,7.3,16.0,3.5,3.6,7.1,6.8,34.1
82,Data,Lead,,remote,High,161,7.2,16.6,10.0,5.1,7.5,7.7,43.6
83,Engineering,Mid,90000-110000,Remote,Medium,106,5.3,23.5,7.1,4.6,4.8,4.6,33.8
84,Engineering,Mid,40000-50000,Hybrid,Medium,103,4.9,20.4,7.9,4.4,4.2,1.0,34.2
85,Engineering,Mid,90000-110000,Onsite,Low,81,6.2,16.0,8.9,3.5,4.9,7.0,41.7
86,Engineering,Junior,70000-90000,Remote,High,136,9.1,19.7,5.0,4.6,5.7,3.6,40.5
87,Data,Junior,70000-90000,Hybrid,Medium,202,3.5,9.8,7.9,3.8,6.8,2.0,16.5
88,Data,Junior,50000-70000,Remote,Medium,77,3.1,17.0,6.5,4.7,5.0,1.0,23.4
89,Product,Junior,70000-90000,Onsite,Medium,120,6.3,24.0,8.7,3.3,five,7.6,200.0
90,Engineering,Junior,50000-70000,Remote,Medium,176,6.1,13.9,2.7,3.7,8.3,6.3,28.6
91,Engineering,Junior,40000-50000,Onsite,Medium,116,6.3,10.8,6.8,2.5,5.8,5.5,33.0
92,Data,Mid,70000-90000,Hybrid,Low,138,6.5,11.7,5.8,3.9,5.6,8.8,32.4
93,Data,Junior,90000-110000,Hybrid,High,77,5.6,9.6,7.9,2.8,2.0,7.3,38.9
94,Data,Mid,40000-50000,Remote,High,137,9.0,11.1,7.9,2.3,0.0,9.2,44.8
95,Data,Senior,90000-110000,Remote,Medium,112,2.8,13.1,5.6,4.4,5.8,3.2,23.2
96,Engineering,Mid,90000-110000,Remote,Medium,159,4.3,8.0,5.6,4.3,4.8,5.9,24.3
97,Data,Senior,90000-110000,Remote,High,167,5.8,15.1,6.8,5.2,4.0,2.8,35.9
98,Engineering,Junior,40000-50000,Remote,High,223,2.7,19.5,5.2,3.4,5.5,5.5,34.1
99,Engineering,Junior,40000-50000,Hybrid,High,143,5.6,10.5,8.7,4.6,five,5.5,43.2
100,Engineering,Junior,70000-90000,Remote,Low,133,9.3,22.6,6.3,4.8,7.3,7.3,40.9
101,Engineering,Junior,90000-110000,Remote,High,127,6.0,17.6,2.0,4.7,5.2,6.1,35.8
102,Data,Junior,50000-70000,Onsite,High,105,6.5,20.2,6.3,2.8,3.5,7.2,39.6
103,Engineering,Junior,70000-90000,Hybrid,High,133,3.5,11.7,4.9,4.2,7.0,7.4,22.7
104,Data,Junior,40000-50000,Onsite,High,108,4.8,19.3,3.7,4.5,4.6,10.3,42.3
105,Product,Junior,50000-70000,Onsite,High,126,5.2,9.5,4.5,4.0,6.1,5.4,24.8
106,Engineering,Mid,40000-50000,Remote,Medium,172,5.4,19.5,7.2,1.0,4.0,4.1,48.9
107,Engineering,Junior,50000-70000,Remote,High,79,8.6,15.9,9.7,4.2,3.7,6.5,42.7
108,Data,Mid,70000-90000,Hybrid,Low,165,7.1,17.8,7.6,7.3,5.2,4.4,34.6
109,Engineering,Mid,50000-70000,Hybrid,High,172,3.8,9.1,5.8,3.5,5.0,9.0,
110,Engineering,Senior,70000-90000,Remote,Medium,115,6.5,10.5,7.9,2.9,6.0,5.4,sixty
111,Engineering,Junior,40000-50000,Hybrid,Low,35,7.0,18.0,6.1,4.6,4.5,4.9,37.1
112,Engineering,Senior,50000-70000,Remote,Medium,95,8.3,10.3,5.6,4.5,1.3,5.1,34.7
113,Product,Mid,90000-110000,Remote,Medium,171,9.2,17.3,4.7,5.8,4.1,7.4,47.1
114,Product,Junior,90000-110000,Remote,High,119,4.0,8.2,3.5,2.1,6.6,5.7,
115,Data,Senior,40000-50000,Remote,High,80,4.4,19.2,6.2,5.1,4.4,4.7,34.2
116,Product,Lead,50000-70000,Remote,Medium,99,3.5,8.8,7.3,4.9,4.5,9.3,32.4
117,Product,Junior,90000-110000,Remote,Low,153,5.5,17.8,6.8,3.8,7.0,4.3,28.1
118,Engineering,Junior,70000-90000,Hybrid,Medium,141,6.9,18.1,6.2,4.5,3.6,6.1,34.9
119,Product,Senior,50000-70000,Remote,Medium,110,8.0,11.5,5.1,5.5,1.9,7.3,40.4
120,Data,Senior,50000-70000,Remote,Medium,105,5.8,17.9,8.2,5.3,4.7,2.7,29.4
121,Product,Junior,90000-110000,Hybrid,Medium,104,5.4,16.3,4.4,2.3,4.0,7.0,31.8
122,Product,Junior,70000-90000,Onsite,High,83,6.3,12.3,8.6,5.2,3.1,3.9,
123,Engineering,Mid,70000-90000,Hybrid,Medium,184,4.3,10.0,5.0,3.9,4.6,7.6,31.8
124,Engineering,Mid,70000-90000,Hybrid,Low,107,10.2,5.2,5.5,4.1,6.0,4.1,200.0
125,Engineering,Mid,50000-70000,Hybrid,High,168,2.8,16.7,4.1,4.1,5.0,7.4,26.3
126,Engineering,Mid,40000-50000,Remote,Medium,180,6.4,7.2,6.0,3.8,5.6,8.2,19.6
127,Product,Mid,50000-70000,Remote,High,159,10.0,15.5,9.0,5.8,8.6,7.7,40.9
128,Product,Senior,50000-70000,Remote,Medium,102,6.0,13.7,8.0,3.9,4.3,6.5,36.3
129,Engineering,Junior,90000-110000,Remote,High,136,5.6,18.4,9.0,2.3,5.6,5.5,38.0
130,Data,Junior,40000-50000,Remote,Medium,119,5.3,13.5,8.0,3.4,4.0,4.8,30.5
131,Engineering,Senior,70000-90000,Hybrid,Medium,83,5.6,13.4,4.8,4.3,3.3,8.9,36.5
132,Engineering,Senior,90000-110000,Remote,High,132,8.7,18.7,6.3,5.8,3.8,4.6,43.7
133,Engineering,Mid,50000-70000,Remote,Medium,72,1.6,16.7,5.4,4.9,4.0,3.9,34.8
134,Engineering,Mid,40000-50000,Remote,Medium,167,9.1,16.6,9.7,2.7,5.7,7.3,32.4
135,Product,Junior,70000-90000,Hybrid,Low,101,3.2,17.3,4.6,7.7,9.7,4.4,26.0
136,Engineering,Mid,70000-90000,Remote,High,128,5.5,7.3,8.8,4.4,3.6,4.1,28.9
137,Data,Mid,50000-70000,Hybrid,High,131,,18.8,8.8,5.9,4.2,3.1,33.7
138,Data,Junior,70000-90000,Remote,High,109,7.2,18.1,10.7,3.8,4.9,5.0,50.0
139,Engineering,Junior,70000-90000,Remote,Low,143,2.8,9.9,6.2,4.8,5.8,5.8,22.3
140,Product,Mid,40000-50000,Remote,Low,101,6.9,13.8,8.4,5.3,5.5,6.5,37.3
141,Product,Junior,90000-110000,Hybrid,Medium,154,10.0,14.8,11.6,5.8,7.6,7.9,47.8
142,Engineering,Mid,40000-50000,Remote,Low,66,3.3,14.3,5.8,5.6,0.1,7.1,36.4
143,Engineering,Junior,90000-110000,Hybrid,Medium,125,6.4,16.7,3.9,5.3,0.2,5.6,31.2
144,Engineering,Mid,90000-110000,Remote,Medium,197,4.7,22.2,3.2,3.5,4.0,5.6,35.1
145,Engineering,Junior,90000-110000,Remote,High,79,6.9,20.4,8.4,3.1,five,7.0,-5.0
146,Engineering,Senior,70000-90000,Hybrid,Medium,92,6.0,8.4,3.2,4.5,1.9,8.5,
147,Data,Mid,40000-50000,Hybrid,High,140,4.7,18.1,6.3,5.4,0.0,6.3,39.6
148,Data,Senior,70000-90000,Hybrid,Low,127,7.0,21.6,7.9,3.7,6.1,5.1,45.0
149,Engineering,Senior,50000-70000,Hybrid,Medium,134,9.6,16.9,7.4,5.6,5.5,4.0,37.3
150,Engineering,Mid,40000-50000,Hybrid,Medium,139,5.6,20.5,7.9,6.2,2.8,3.1,38.8
151,Product,Junior,90000-110000,Hybrid,High,145,7.4,25.1,7.4,2.6,3.0,7.3,50.7
152,Engineering,Mid,,Hybrid,High,164,3.4,20.1,9.6,2.7,3.1,7.2,46.7
153,Engineering,Mid,70000-90000,Hybrid,High,136,4.1,16.2,5.1,3.8,5.2,7.2,45.6
154,Engineering,Senior,40000-50000,Hybrid,High,110,6.9,20.2,5.6,4.5,3.7,5.7,45.5
155,Product,Mid,40000-50000,Hybrid,High,146,9.0,15.7,5.5,3.2,6.0,8.8,45.2
156,Engineering,Junior,90000-110000,Hybrid,Low,195,6.7,15.1,8.7,6.0,0.0,5.0,
157,Data,Junior,90000-110000,Remote,Medium,114,5.4,13.2,8.8,4.6,3.3,7.9,34.8
158,Data,Mid,50000-70000,Hybrid,High,81,6.0,22.8,7.9,4.1,2.7,5.9,46.7
159,Engineering,Mid,90000-110000,Hybrid,High,164,3.5,10.9,9.4,1.8,4.5,4.8,27.9
160,Data,Mid,70000-90000,Remote,Medium,115,7.2,22.7,4.6,2.0,3.9,7.2,37.2
161,Engineering,Mid,50000-70000,Hybrid,Medium,33,7.8,17.5,10.3,4.4,6.6,6.8,41.5
162,Data,Lead,50000-70000,Remote,Medium,153,5.1,8.0,10.0,1.0,1.3,6.7,34.7
163,Data,,50000-70000,Remote,Low,98,5.1,16.8,8.5,5.5,5.1,6.2,40.8
164,Data,Junior,40000-50000,Hybrid,Medium,116,6.5,5.0,10.6,3.8,6.1,5.9,29.9
165,Engineering,Junior,90000-110000,Remote,Low,133,5.1,18.1,3.7,8.9,8.7,10.8,43.0
166,Product,Junior,50000-70000,Hybrid,Low,127,5.9,19.4,6.0,7.5,4.0,8.4,43.9
167,Engineering,Junior,40000-50000,Hybrid,High,148,10.2,12.0,5.5,3.7,5.6,7.4,33.3
168,Engineering,Junior,40000-50000,Remote,Low,102,5.5,15.6,8.4,3.8,1.4,6.2,35.1
169,Engineering,Junior,50000-70000,Remote,High,140,5.3,24.8,4.9,5.5,0.2,8.0,61.1
170,Data,Junior,50000-70000,Remote,Low,109,4.7,12.5,8.5,6.6,6.7,7.0,34.8
171,Data,Junior,70000-90000,Hybrid,High,149,7.5,9.7,9.7,1.5,5.0,6.1,30.4
172,Engineering,Senior,50000-70000,Onsite,Low,144,5.6,22.4,8.4,1.3,7.4,5.4,32.4
173,Data,Junior,70000-90000,Hybrid,Low,82,4.7,24.8,7.6,3.1,2.3,5.8,60.9
174,Engineering,Mid,50000-70000,Remote,Low,163,8.6,15.0,5.0,4.9,6.0,1.0,22.4
175,Data,Mid,50000-70000,Hybrid,Medium,98,8.8,20.1,5.3,4.7,8.7,6.4,36.0
176,Engineering,Lead,90000-110000,Remote,High,152,4.8,21.7,9.5,5.6,5.8,5.0,44.2
177,Data,Junior,50000-70000,Hybrid,High,134,2.3,11.3,8.6,2.2,5.6,9.2,34.4
178,Engineering,Mid,50000-70000,Remote,Medium,193,8.0,12.6,6.9,1.0,5.0,6.0,36.3
179,Product,Lead,70000-90000,Hybrid,High,111,4.6,21.2,6.2,5.3,1.9,3.6,49.5
180,Engineering,Senior,70000-90000,Remote,Medium,106,7.6,23.4,2.9,2.8,7.7,5.9,38.8
181,Engineering,Senior,90000-110000,Onsite,High,119,2.1,17.8,4.9,1.0,3.8,3.9,21.8
182,Engineering,Junior,50000-70000,Remote,Low,107,7.8,10.6,10.8,4.2,6.0,6.9,200.0
183,Product,Junior,50000-70000,Hybrid,Medium,151,3.6,24.9,4.4,5.2,1.9,6.6,47.3
184,Product,Senior,70000-90000,Onsite,Low,55,7.5,12.3,7.4,3.8,2.6,7.9,50.0
185,Engineering,Lead,40000-50000,Remote,High,77,6.0,13.3,9.0,3.3,7.9,4.4,21.9
186,Data,Mid,40000-50000,Onsite,Low,77,4.1,16.7,4.5,3.8,4.3,6.1,39.0
187,Product,Mid,40000-50000,Hybrid,Low,158,5.2,22.8,7.4,3.4,7.9,3.3,35.1
188,Data,Junior,70000-90000,Remote,Medium,188,7.4,19.3,8.9,2.0,4.8,7.4,47.0
189,Data,Senior,70000-90000,Remote,Medium,115,6.2,17.1,7.0,2.9,1.3,7.0,41.7
190,Engineering,Junior,40000-50000,Hybrid,Medium,113,7.2,17.3,12.7,4.8,6.8,7.0,40.1
191,Engineering,Mid,40000-50000,Remote,High,122,10.0,15.2,3.7,4.5,3.8,6.0,41.5
192,Product,Mid,50000-70000,Remote,Medium,166,2.9,17.8,9.1,4.3,6.4,6.8,39.9
193,Product,Mid,70000-90000,Remote,High,82,9.2,5.0,6.7,2.5,5.1,9.2,36.0
194,Data,Junior,70000-90000,Hybrid,High,129,6.2,13.5,8.5,3.7,1.9,5.4,37.8
195,Engineering,Junior,40000-50000,Remote,High,159,4.2,16.2,7.9,1.0,5.3,6.3,29.3
196,Engineering,Mid,40000-50000,Hybrid,High,140,3.3,9.2,5.5,4.3,9.4,3.8,9.1
197,Data,Junior,,Onsite,High,127,5.6,16.9,7.5,6.1,6.0,4.3,39.5
198,Product,Mid,70000-90000,Onsite,High,160,7.8,14.0,3.3,1.8,4.9,6.2,32.4
199,Product,Junior,90000-110000,Hybrid,Low,20,5.7,23.8,8.2,3.1,7.2,8.2,39.8
200,Data,Mid,50000-70000,Remote,Medium,147,9.0,22.9,7.6,4.5,5.4,5.5,43.0
201,Data,Mid,90000-110000,Hybrid,Low,93,3.1,12.7,8.3,5.9,5.4,5.5,29.4
202,Engineering,Junior,40000-50000,Remote,Medium,46,6.0,14.2,9.1,3.3,2.8,5.2,29.6
203,Engineering,Mid,70000-90000,Remote,High,140,3.5,14.6,7.7,3.0,5.5,4.9,25.6
204,Product,Junior,70000-90000,Remote,Medium,174,6.7,12.7,7.3,1.0,7.1,6.6,23.5
205,Data,Junior,90000-110000,Remote,Medium,114,7.8,16.0,5.2,4.2,3.3,3.0,31.6
206,Engineering,Lead,90000-110000,Hybrid,High,158,5.2,11.2,5.6,7.1,7.8,8.6,28.7
207,Engineering,Mid,50000-70000,Hybrid,Medium,184,1.0,9.3,9.4,4.4,4.8,4.7,17.2
208,Data,Senior,50000-70000,Remote,High,172,6.4,18.1,9.9,4.0,3.2,7.4,55.8
209,Engineering,Junior,40000-50000,Remote,Medium,185,6.9,18.1,6.5,4.5,7.0,3.5,sixty
210,Engineering,Senior,40000-50000,Onsite,Medium,149,6.8,11.0,7.1,4.0,4.4,7.3,30.7
211,Data,Senior,40000-50000,Remote,High,123,8.5,19.5,5.2,2.8,6.5,7.3,40.5
212,Data,,90000-110000,Remote,High,55,3.9,11.8,9.3,5.2,4.4,6.8,37.2
213,Data,Mid,90000-110000,Remote,Medium,110,7.4,16.3,8.3,4.3,4.9,4.0,42.4
214,Engineering,Mid,,Hybrid,Medium,86,8.4,19.1,10.9,4.0,6.0,6.5,40.9
215,Data,Mid,40000-50000,Hybrid,High,206,2.4,14.8,5.2,2.5,5.6,3.6,29.3
216,Engineering,Lead,90000-110000,Remote,Low,112,6.6,17.3,6.2,6.0,1.0,5.5,40.4
217,Engineering,Senior,70000-90000,Remote,High,124,5.0,12.4,7.5,5.0,2.8,8.1,32.0
218,Data,Lead,40000-50000,Hybrid,Medium,142,5.8,14.0,8.3,3.2,6.9,7.6,38.1
219,Data,Junior,50000-70000,remote,Low,121,6.7,14.0,6.6,5.5,4.7,6.0,42.6
220,Product,Senior,50000-70000,Remote,High,187,5.0,11.3,5.3,3.3,4.0,4.1,39.1
221,Data,Lead,90000-110000,Onsite,High,95,4.6,14.1,8.8,2.8,2.3,7.3,32.6
222,Data,Junior,70000-90000,Remote,High,127,6.1,7.3,8.4,2.9,2.8,6.0,33.8
223,Engineering,Junior,50000-70000,Remote,High,90,3.8,12.5,5.2,1.3,1.0,1.4,21.7
224,Engineering,Senior,70000-90000,Onsite,High,67,3.8,13.6,9.7,4.7,4.8,7.6,41.3
225,Engineering,Mid,70000-90000,Remote,Medium,95,7.4,13.7,9.3,1.3,3.8,6.0,28.7
226,Engineering,Senior,50000-70000,Hybrid,High,118,3.7,13.8,7.3,2.2,3.1,8.4,29.5
227,Product,Junior,70000-90000,Remote,Medium,102,7.3,14.7,7.2,1.0,4.9,3.8,26.2
228,Engineering,Senior,50000-70000,Remote,Low,92,6.9,17.4,8.1,3.9,5.7,1.0,31.3
229,Product,Junior,90000-110000,Onsite,Low,63,2.5,19.4,5.3,3.8,9.2,6.6,26.6
230,Data,Junior,40000-50000,Remote,Medium,116,4.6,11.8,7.1,3.5,2.0,6.6,37.8
231,Data,Junior,40000-50000,Hybrid,High,59,8.4,9.0,2.7,2.4,7.3,2.6,22.8
232,Data,Senior,90000-110000,Remote,Medium,150,,9.8,8.8,2.2,6.9,4.0,-5.0
233,Data,Senior,50000-70000,Remote,Medium,123,5.1,12.6,3.9,4.7,3.4,11.5,47.4
234,Engineering,Mid,50000-70000,Remote,Medium,61,6.9,13.2,10.0,3.2,5.4,5.4,37.0
235,Engineering,Mid,50000-70000,Hybrid,High,107,7.6,11.2,6.3,4.5,4.1,7.5,29.7
236,Data,Senior,,Remote,Low,89,5.5,8.5,6.6,2.7,5.4,4.7,30.7
237,Engineering,Mid,90000-110000,Hybrid,Medium,132,4.8,12.7,5.7,4.3,8.0,1.8,17.6
238,Engineering,Senior,40000-50000,Remote,High,173,8.8,15.9,6.4,6.0,6.2,5.7,42.7
239,Data,Mid,70000-90000,remote,High,44,9.5,18.0,9.8,4.9,6.0,5.5,51.0
240,Engineering,Mid,70000-90000,Remote,Medium,124,8.0,12.2,2.0,3.4,4.1,5.2,30.7
241,Product,Mid,40000-50000,Hybrid,Low,113,6.2,12.9,9.6,4.4,2.0,5.8,31.8
242,Product,Mid,90000-110000,Hybrid,Medium,146,,10.4,7.7,3.6,4.6,6.5,25.8
243,Product,Senior,70000-90000,Hybrid,Medium,128,4.3,14.8,4.6,4.0,7.4,5.7,34.0
244,Engineering,Mid,40000-50000,Hybrid,High,89,7.0,10.8,4.8,3.5,1.9,3.5,28.2
245,Engineering,Junior,90000-110000,Hybrid,Medium,107,6.8,17.9,10.4,3.8,2.9,7.0,46.2
246,Product,Senior,70000-90000,Hybrid,Medium,88,8.8,6.1,5.1,4.3,5.3,2.1,24.9
247,Engineering,Mid,50000-70000,Remote,High,163,7.3,13.2,4.7,2.5,3.0,1.9,30.4
248,Product,Mid,50000-70000,Remote,High,120,3.0,16.5,9.3,2.5,3.4,7.5,39.8
249,Product,Lead,90000-110000,Onsite,Medium,196,8.1,15.9,7.7,1.9,4.2,7.0,38.1
250,Product,Mid,50000-70000,Hybrid,High,117,4.0,28.5,5.1,1.6,2.3,5.9,43.7
251,Engineering,Junior,90000-110000,Hybrid,Medium,91,5.2,16.7,7.4,2.2,3.1,3.2,37.0
252,Engineering,Lead,40000-50000,Remote,High,59,6.5,10.0,4.9,4.2,6.4,4.6,27.6
253,Product,Mid,40000-50000,Remote,High,47,10.0,14.5,9.2,2.7,2.4,5.5,40.4
254,Engineering,Mid,70000-90000,Remote,High,56,12.2,6.1,9.1,4.8,1.8,2.8,39.7
255,Engineering,Junior,90000-110000,Hybrid,Low,130,7.2,14.6,8.1,4.1,3.7,4.5,35.6
256,Data,Senior,70000-90000,Remote,Low,140,5.6,10.8,7.7,1.0,6.5,7.3,24.2
257,Product,Mid,70000-90000,Remote,Low,56,7.1,19.6,10.5,5.0,4.6,8.9,46.1
258,Data,Mid,40000-50000,remote,Medium,155,7.8,12.3,7.0,5.2,4.1,5.2,30.2
259,Data,Senior,70000-90000,Remote,High,100,5.4,14.4,4.6,2.5,5.1,7.5,30.7
260,Engineering,Senior,50000-70000,Remote,Medium,125,9.6,11.8,7.9,4.6,1.5,2.2,
261,Data,Junior,70000-90000,Remote,Medium,184,6.5,23.7,11.2,2.7,6.0,7.3,43.8
262,Product,Mid,90000-110000,Hybrid,Low,155,7.0,13.4,5.0,4.1,5.8,4.4,30.1
263,Engineering,Junior,50000-70000,Remote,High,109,7.3,24.2,6.3,2.1,4.2,6.6,41.5
264,Data,Senior,40000-50000,Remote,Medium,84,6.8,19.1,7.8,1.3,7.0,5.5,33.6
265,Product,Junior,90000-110000,Remote,High,33,7.7,17.4,6.9,3.4,2.7,8.6,37.5
266,Data,Mid,50000-70000,Remote,High,91,4.8,16.8,5.0,3.8,7.3,4.3,27.0
267,Data,Senior,90000-110000,Remote,Medium,111,4.9,17.0,9.2,3.4,5.3,7.3,38.0
268,Data,Senior,50000-70000,Remote,Medium,80,3.8,5.4,11.6,2.2,4.3,5.4,28.7
269,Engineering,Mid,90000-110000,Hybrid,High,114,6.9,13.6,7.4,3.4,5.0,5.7,35.0
270,Engineering,Senior,90000-110000,Remote,High,123,7.6,19.2,5.2,4.4,4.8,5.6,sixty
271,Product,Junior,50000-70000,Hybrid,Medium,111,6.9,14.8,3.9,3.9,7.4,4.3,32.5
272,Product,Senior,40000-50000,remote,Medium,93,9.3,8.0,7.5,4.3,2.8,6.0,35.7
273,Product,Junior,40000-50000,Hybrid,Low,126,6.0,14.7,9.2,3.0,3.5,5.9,38.6
274,Product,Mid,90000-110000,Remote,Low,137,7.3,23.5,8.0,5.8,7.1,6.5,45.8
275,Data,Senior,90000-110000,Remote,Medium,76,3.8,21.2,7.0,2.2,3.8,6.2,36.4
276,Data,Junior,40000-50000,Remote,High,176,5.2,14.7,5.8,4.7,6.8,7.6,34.8
277,Data,Junior,40000-50000,Remote,Medium,116,7.4,19.8,4.8,5.8,8.4,7.8,41.8
278,Data,Senior,70000-90000,Onsite,Medium,120,7.7,13.2,8.7,4.7,4.2,3.9,26.3
279,Data,Senior,40000-50000,Remote,High,148,5.4,6.5,8.8,3.7,five,7.7,25.7
280,Data,Mid,90000-110000,Remote,Low,129,5.9,10.4,3.9,3.2,2.7,3.6,24.3
281,Product,Senior,50000-70000,Hybrid,High,158,3.0,22.8,10.2,5.6,6.5,7.2,45.7
282,Engineering,Mid,40000-50000,Hybrid,Low,131,5.3,13.6,8.1,1.9,5.4,7.2,39.3
283,Engineering,Junior,70000-90000,Remote,Medium,95,7.8,13.8,9.8,2.5,5.9,2.2,26.2
284,Engineering,Mid,70000-90000,Remote,Medium,134,7.2,13.5,4.3,3.4,3.7,6.2,30.7
285,Data,Junior,70000-90000,Remote,Medium,74,7.0,24.5,4.3,5.9,1.7,5.1,44.7
286,Engineering,Lead,50000-70000,Remote,Low,124,6.1,23.1,6.7,4.6,6.0,4.5,36.0
287,Engineering,Mid,40000-50000,Remote,Medium,118,6.0,26.1,8.0,2.5,0.9,8.7,52.9
288,Data,Mid,40000-50000,Remote,Medium,111,4.7,14.2,10.6,3.5,4.4,4.7,38.7
289,Engineering,Mid,40000-50000,Remote,High,114,7.4,16.5,8.4,3.1,6.9,4.4,28.4
290,Data,Lead,50000-70000,Remote,Medium,44,6.8,7.4,6.5,2.9,5.4,6.2,28.6
291,Engineering,,,Remote,High,98,7.0,22.4,4.9,5.5,8.9,7.4,31.7
292,Engineering,Mid,90000-110000,Remote,Medium,123,4.9,9.2,9.5,1.9,7.1,5.7,22.8
293,Product,Mid,70000-90000,Remote,Medium,126,1.7,16.1,5.1,6.4,3.7,8.3,35.7
294,Engineering,Mid,70000-90000,remote,Medium,78,8.2,9.5,10.3,5.2,5.1,7.1,46.1
295,Engineering,Junior,,Hybrid,High,170,5.0,12.1,6.4,5.6,4.9,1.6,24.4
296,Data,Senior,50000-70000,Remote,High,85,4.3,10.8,10.2,3.3,1.8,4.9,22.8
297,Data,,50000-70000,Remote,Medium,158,7.4,12.0,8.4,3.8,3.1,4.9,25.1
298,Engineering,Mid,40000-50000,Remote,High,137,,12.3,6.7,1.9,3.9,7.0,32.1
299,Data,Senior,40000-50000,Hybrid,High,94,8.1,12.3,6.0,3.2,0.9,1.0,33.0
300,Engineering,Lead,90000-110000,Hybrid,High,191,7.2,19.2,6.3,4.7,5.1,11.1,49.9
301,Engineering,Senior,70000-90000,Remote,Low,72,7.4,9.5,7.9,5.9,4.5,7.1,36.7
302,Data,Junior,70000-90000,Onsite,Medium,156,3.3,16.1,7.2,2.3,1.7,6.3,42.1
303,Data,Mid,70000-90000,Remote,High,160,8.4,21.1,5.8,3.5,5.8,8.4,41.7
304,Data,Mid,90000-110000,Remote,High,93,6.5,12.4,6.7,3.8,6.4,10.7,42.2
305,Data,Mid,40000-50000,Hybrid,High,175,5.3,11.4,7.2,1.9,5.5,7.7,22.6
306,Product,Senior,40000-50000,Hybrid,Medium,109,6.3,13.8,2.7,4.9,4.4,7.9,29.9
307,Data,Lead,70000-90000,Hybrid,Medium,131,2.4,20.9,7.9,2.9,6.2,6.3,27.1
308,Engineering,Lead,70000-90000,Hybrid,High,130,6.8,16.0,5.0,3.7,6.4,5.7,31.1
309,Data,Mid,90000-110000,Remote,High,114,3.9,12.3,4.7,3.3,5.6,5.0,24.9
310,Engineering,Junior,50000-70000,Hybrid,High,152,3.3,17.4,3.6,2.8,3.4,4.3,30.2
311,Engineering,Lead,50000-70000,Remote,Medium,151,3.0,9.5,3.4,4.0,5.6,4.6,20.4
312,Engineering,Senior,70000-90000,Hybrid,Medium,50,8.2,18.4,4.3,3.7,7.4,3.3,26.0
313,Engineering,Junior,90000-110000,Remote,High,172,4.7,17.0,5.6,3.4,3.8,5.8,34.1
314,Product,Lead,70000-90000,Hybrid,High,53,9.1,13.5,10.9,2.9,9.2,2.6,21.8
315,Product,Senior,50000-70000,remote,High,161,4.9,10.8,5.9,4.5,3.9,6.4,37.8
316,Data,Mid,70000-90000,Hybrid,Low,165,,10.6,7.4,6.5,5.1,5.9,28.3
317,Engineering,Mid,50000-70000,Remote,High,76,3.8,17.7,7.8,4.2,3.7,6.3,36.1
318,Engineering,Mid,50000-70000,Hybrid,Medium,103,,21.1,7.3,5.5,5.4,5.0,51.2
319,Engineering,Junior,50000-70000,Remote,Medium,75,5.7,11.8,6.8,1.9,1.5,12.2,36.5
320,Engineering,Mid,40000-50000,Remote,High,111,4.9,17.3,4.6,4.2,3.9,8.7,33.8
321,Data,Senior,40000-50000,Remote,High,107,6.3,5.0,9.9,2.4,2.8,3.5,20.0
322,Data,Junior,70000-90000,Remote,High,151,7.0,12.1,10.6,1.8,5.3,6.5,34.5
323,Data,Mid,50000-70000,Hybrid,Medium,172,8.2,14.8,3.6,2.9,7.0,4.8,30.6
324,Engineering,Mid,40000-50000,Remote,Medium,175,8.9,10.5,5.0,5.8,6.3,4.0,-5.0
325,Product,Mid,70000-90000,Onsite,Medium,97,5.3,10.3,6.4,5.4,0.3,3.3,45.0
326,Data,Lead,70000-90000,Remote,Medium,111,3.3,11.7,5.1,4.4,9.1,6.9,12.6
327,Data,Mid,70000-90000,Remote,High,52,5.2,16.5,8.0,1.7,5.6,4.6,34.6
328,Data,Mid,70000-90000,Hybrid,Low,87,6.5,14.1,5.5,3.7,3.4,7.9,34.8
329,Engineering,Senior,70000-90000,Hybrid,Medium,158,4.1,5.0,11.3,4.5,5.3,8.0,27.5
330,Engineering,Mid,90000-110000,Remote,High,184,4.1,5.0,9.4,4.3,5.4,8.7,26.3
331,Engineering,Junior,50000-70000,Remote,Low,70,6.7,12.0,7.4,1.2,3.7,4.3,24.8
332,Data,Mid,70000-90000,Hybrid,Medium,96,5.9,17.3,9.1,2.7,5.4,7.0,47.3
333,Engineering,Junior,90000-110000,Remote,Medium,118,6.1,5.0,9.2,3.9,3.8,7.3,34.7
334,Engineering,Junior,50000-70000,Onsite,Medium,131,4.5,12.5,5.9,4.8,4.2,5.1,30.3
335,Engineering,,40000-50000,Onsite,Low,87,5.5,12.4,5.4,1.0,3.6,4.5,33.4
336,Engineering,Mid,70000-90000,Hybrid,Medium,136,4.2,21.9,7.2,3.8,2.1,9.2,40.7
337,Product,Lead,90000-110000,Remote,High,101,7.8,13.1,8.7,4.2,5.3,6.5,30.5
338,Data,Mid,40000-50000,Hybrid,High,119,8.1,16.9,7.3,5.3,6.2,7.3,30.2
339,Engineering,Mid,90000-110000,Remote,Low,141,2.3,15.7,3.8,5.0,6.0,4.4,22.7
340,Engineering,Mid,50000-70000,Remote,High,120,4.1,5.0,5.4,4.9,6.6,3.6,17.6
341,Engineering,Junior,50000-70000,Remote,High,102,3.0,18.8,6.9,2.8,5.6,4.9,32.5
342,Engineering,Senior,40000-50000,Remote,Medium,115,4.7,16.1,6.8,1.1,3.9,5.8,33.4
343,Engineering,Junior,90000-110000,Hybrid,Medium,116,5.8,17.5,10.9,3.4,6.7,3.9,28.5
344,Engineering,Lead,70000-90000,Hybrid,Medium,105,3.1,34.6,4.2,5.5,2.3,6.0,57.7
345,Engineering,Junior,70000-90000,Hybrid,Low,109,4.2,5.0,8.0,6.1,3.2,2.6,24.6
346,Data,Mid,40000-50000,Remote,High,183,4.0,23.6,10.0,5.1,3.1,3.8,48.3
347,Data,Junior,40000-50000,Remote,High,142,6.4,13.6,11.5,4.6,7.2,7.3,
348,Engineering,Lead,40000-50000,Remote,High,108,,16.4,6.2,4.6,6.9,7.2,37.4
349,Engineering,Mid,90000-110000,Onsite,Low,147,4.6,14.8,8.0,3.2,6.0,5.2,-5.0
350,Data,Mid,70000-90000,Remote,Medium,106,6.4,12.9,8.1,3.8,7.1,4.0,26.6
351,Data,,70000-90000,Hybrid,High,166,4.9,12.2,7.4,6.5,3.2,3.9,35.7
352,Product,Senior,70000-90000,Remote,Low,134,5.5,16.6,6.8,2.6,5.7,5.3,33.0
353,Data,Junior,40000-50000,Remote,Low,115,9.3,7.4,7.9,6.4,4.7,7.3,32.0
354,Engineering,Senior,70000-90000,remote,Low,137,8.7,18.8,2.0,3.5,6.7,7.9,36.7
355,Engineering,Junior,50000-70000,Remote,Low,57,3.4,12.9,8.4,6.0,4.8,5.0,24.8
356,Data,Junior,40000-50000,Hybrid,High,74,7.7,9.3,7.3,1.9,4.2,3.7,32.4
357,Engineering,Junior,70000-90000,Onsite,Medium,72,7.6,12.7,6.6,4.9,6.1,6.5,33.3
358,Data,Mid,90000-110000,Remote,Medium,125,3.7,21.3,11.1,2.9,6.8,4.4,43.0
359,Product,,40000-50000,Remote,Low,189,7.6,12.3,5.7,1.9,3.7,5.0,27.9
360,Data,Junior,50000-70000,Remote,Medium,209,9.1,16.8,6.2,4.3,4.9,8.7,40.9
361,Engineering,Senior,50000-70000,Onsite,Medium,145,3.8,11.3,11.0,5.5,2.9,7.7,35.8
362,Data,Mid,90000-110000,Remote,Medium,140,4.2,18.8,5.3,2.7,0.0,6.3,44.9
363,Engineering,Mid,90000-110000,Hybrid,High,47,8.0,18.4,5.9,1.8,5.4,3.5,29.3
364,Data,Mid,40000-50000,Hybrid,Medium,98,6.5,24.2,6.7,3.9,6.2,6.4,46.8
365,Product,Mid,40000-50000,Hybrid,Low,88,7.1,14.1,8.7,3.9,5.5,8.1,37.4
366,Engineering,Mid,50000-70000,Remote,Low,95,6.7,18.3,7.4,4.8,1.1,5.2,33.9
367,Product,Junior,,Hybrid,High,113,6.8,15.5,4.4,5.4,4.3,8.7,37.2
368,Product,Junior,40000-50000,Onsite,High,101,3.3,21.5,5.9,3.9,0.6,8.6,41.0
369,Engineering,,50000-70000,Remote,High,40,8.1,11.4,5.8,6.8,7.7,9.3,36.9
370,Engineering,Lead,90000-110000,Remote,Medium,149,8.3,18.7,6.8,4.3,2.8,6.6,38.8
371,Engineering,Mid,50000-70000,Onsite,Low,77,5.5,14.0,7.9,3.5,7.5,7.2,37.3
372,Engineering,Junior,70000-90000,Remote,High,129,5.9,14.7,7.8,1.6,6.9,8.8,34.5
373,Engineering,Mid,90000-110000,Hybrid,Medium,202,2.9,15.5,3.4,3.6,3.2,6.9,31.1
374,Data,Mid,40000-50000,Remote,Low,83,7.0,16.3,9.1,3.5,2.7,5.0,43.4
375,Engineering,Junior,40000-50000,Remote,Medium,20,,14.4,7.5,5.4,5.7,5.1,40.1
376,Engineering,Junior,70000-90000,remote,Medium,108,5.9,16.1,9.8,4.7,3.3,6.5,42.1
377,Product,Senior,90000-110000,Remote,Medium,164,8.2,22.9,7.9,2.2,5.2,3.4,36.3
378,Engineering,Senior,50000-70000,Remote,Medium,198,5.3,19.9,9.2,4.3,4.0,5.7,33.6
379,Product,Junior,40000-50000,Remote,High,70,7.1,19.3,7.9,5.0,1.4,8.2,46.5
380,Engineering,Junior,70000-90000,Remote,Medium,139,4.0,12.7,9.7,6.3,0.5,1.6,31.4
381,Engineering,Junior,70000-90000,Remote,Medium,101,6.0,10.6,8.0,5.3,5.5,9.1,37.5
382,Data,Senior,90000-110000,Remote,Low,115,5.7,19.8,6.8,5.1,3.9,8.2,200.0
383,Data,Junior,90000-110000,Onsite,Medium,225,6.5,19.4,11.5,4.1,3.9,5.1,47.9
384,Product,Junior,40000-50000,Remote,Medium,59,5.3,22.4,8.8,4.6,6.4,7.1,sixty
385,Data,Senior,70000-90000,Hybrid,High,130,5.7,12.0,8.1,5.9,7.3,6.0,31.6
386,Product,Junior,50000-70000,Remote,Medium,138,7.7,13.9,4.4,2.0,4.5,8.5,41.2
387,Engineering,Senior,70000-90000,Hybrid,High,163,5.1,6.8,4.4,3.5,4.3,8.0,28.3
388,Engineering,Junior,50000-70000,Remote,High,123,2.8,13.0,7.6,2.8,6.0,3.2,23.6
389,Data,Junior,50000-70000,Onsite,Medium,132,9.5,20.0,7.3,4.6,2.3,7.2,46.4
390,Product,Junior,40000-50000,Remote,Low,104,8.8,12.7,5.8,5.8,5.4,5.6,31.7
391,Product,Senior,70000-90000,Remote,High,130,3.4,18.2,7.3,3.1,6.1,6.2,29.7
392,Engineering,Senior,,Remote,Medium,106,7.4,14.0,10.2,1.0,6.4,4.5,29.1
393,Engineering,Senior,90000-110000,Remote,Low,144,5.0,16.6,8.4,3.4,1.1,9.5,50.1
394,Data,,50000-70000,Remote,High,105,6.5,9.3,4.7,5.4,3.5,8.1,32.7
395,Engineering,Senior,90000-110000,Remote,Medium,135,6.6,15.4,6.8,4.8,3.2,4.5,29.7
396,Product,Junior,90000-110000,Hybrid,Medium,118,5.5,5.0,5.4,4.6,5.2,3.3,28.2
397,Product,Junior,70000-90000,Remote,Medium,165,4.4,14.1,6.2,3.6,6.0,5.2,30.6
398,Engineering,Senior,90000-110000,Remote,High,117,4.6,6.8,6.2,2.1,8.0,6.9,13.4
399,Data,,50000-70000,Hybrid,High,49,4.2,21.0,6.0,4.8,4.0,6.5,38.7
400,Data,Junior,90000-110000,Hybrid,Medium,170,,18.9,4.5,2.7,4.0,8.5,39.0
401,Engineering,Junior,70000-90000,Remote,Medium,83,5.9,17.3,6.7,7.3,7.3,7.6,48.4
402,Product,Junior,40000-50000,Remote,High,93,4.6,22.6,5.9,4.9,5.6,7.9,37.6
403,Data,Junior,50000-70000,Remote,Medium,96,7.4,10.3,2.0,3.1,7.5,6.7,28.6
404,Product,Mid,50000-70000,Hybrid,High,174,9.0,23.7,11.1,3.1,5.6,3.2,52.0
405,Engineering,Mid,70000-90000,Hybrid,Medium,34,4.8,19.7,9.2,3.9,2.7,5.6,39.6
406,Product,Senior,70000-90000,Remote,High,245,6.5,13.8,6.2,3.6,2.3,8.1,38.2
407,Engineering,Senior,70000-90000,Hybrid,Low,162,7.0,20.7,7.0,5.7,1.9,5.9,41.8
408,Engineering,Mid,70000-90000,Hybrid,High,128,6.9,9.5,4.7,4.3,6.3,7.0,27.3
409,Product,Junior,50000-70000,Remote,High,117,6.2,10.9,10.4,2.9,7.4,5.4,29.3
410,Engineering,Mid,40000-50000,Hybrid,High,131,7.5,12.0,10.8,6.8,8.7,3.9,35.8
411,Engineering,Mid,90000-110000,Remote,High,140,7.0,12.4,7.3,4.1,6.7,5.8,36.8
412,Product,Junior,90000-110000,Remote,Low,145,3.5,9.7,9.0,5.2,7.3,6.6,24.8
413,Product,Mid,40000-50000,Remote,Low,142,7.7,21.1,7.4,3.1,3.8,4.7,31.9
414,Data,Mid,40000-50000,Remote,High,123,7.8,13.7,4.3,4.5,2.7,5.5,35.3
415,Data,Mid,40000-50000,Remote,Medium,112,4.5,16.8,6.2,4.5,6.7,4.1,31.5
416,Engineering,Mid,70000-90000,Onsite,Medium,113,6.1,12.1,7.3,1.2,5.8,8.2,33.3
417,Engineering,Junior,50000-70000,Remote,Low,112,7.4,5.9,6.1,7.0,5.2,5.4,26.6
418,Engineering,Lead,,Remote,Medium,165,5.6,16.4,6.6,5.9,5.8,8.9,41.5
419,Data,Senior,50000-70000,Remote,High,143,8.1,5.4,6.8,3.4,5.6,9.1,38.2
420,Data,Junior,70000-90000,Onsite,Medium,20,10.7,14.7,6.8,2.3,7.6,5.8,36.2
421,Data,Senior,50000-70000,Remote,Medium,146,4.4,8.2,7.1,4.5,7.6,4.0,19.2
422,Data,Mid,70000-90000,Remote,High,127,3.2,24.9,4.9,4.1,6.1,1.8,30.1
423,Engineering,Senior,50000-70000,Remote,Medium,119,6.6,19.6,5.6,4.5,6.7,3.1,32.0
424,Engineering,,40000-50000,Remote,High,104,7.4,15.5,4.4,4.3,6.0,3.3,37.5
425,Engineering,Mid,90000-110000,Onsite,Medium,164,5.5,21.3,9.0,4.8,4.1,8.8,47.9
426,Data,Junior,90000-110000,Onsite,High,157,8.9,10.8,2.8,6.2,6.5,6.2,30.1
427,Engineering,Junior,70000-90000,Remote,Medium,89,3.3,17.7,9.3,4.9,2.2,6.8,40.3
428,Product,Mid,50000-70000,Onsite,Medium,136,7.4,16.0,9.8,2.4,7.1,1.6,34.9
429,Engineering,Mid,90000-110000,Hybrid,Medium,81,4.8,16.3,6.4,6.0,2.6,3.6,45.6
430,Engineering,Junior,40000-50000,Hybrid,High,64,9.4,21.4,2.0,6.5,5.6,7.8,46.5
431,Engineering,Junior,40000-50000,Remote,Medium,94,10.0,18.7,6.3,8.7,3.3,6.6,50.0
432,Data,Senior,40000-50000,Remote,Medium,154,4.5,16.4,6.9,2.3,6.1,5.7,31.5
433,Data,Lead,70000-90000,Remote,Medium,158,4.9,6.7,5.0,4.4,4.9,7.1,13.8
434,Engineering,Mid,70000-90000,Hybrid,Medium,140,7.7,10.2,6.0,1.0,1.8,9.3,40.3
435,Engineering,Junior,50000-70000,Remote,Medium,149,5.2,14.4,10.1,4.8,5.8,5.6,36.5
436,Data,Junior,40000-50000,Remote,Low,140,5.9,15.5,8.3,3.2,3.8,6.1,39.6
437,Engineering,Junior,50000-70000,Remote,High,94,6.1,9.3,5.2,6.9,6.8,6.4,25.3
438,Product,Lead,50000-70000,Hybrid,Low,137,2.2,27.1,3.8,2.8,5.0,10.8,44.1
439,Data,Junior,40000-50000,Remote,Medium,152,6.0,22.6,6.3,1.5,5.8,1.8,30.1
440,Engineering,Mid,50000-70000,Hybrid,High,150,4.6,18.0,6.6,3.3,3.1,7.4,45.0
441,Engineering,Junior,90000-110000,Onsite,High,167,5.0,15.4,8.0,1.0,3.8,5.8,31.6
442,Product,Mid,70000-90000,Remote,High,148,8.9,13.9,5.9,5.1,4.1,7.1,50.1
443,Engineering,Senior,50000-70000,Hybrid,Medium,134,3.5,10.2,8.0,1.0,6.7,4.7,23.9
444,Engineering,Senior,,Remote,Medium,162,7.6,15.4,10.9,4.0,8.4,5.9,30.4
445,Product,Junior,70000-90000,Hybrid,Medium,118,5.4,16.3,8.6,1.0,3.4,7.4,37.8
446,Product,Junior,70000-90000,Remote,Medium,84,5.4,8.8,6.9,3.5,7.2,12.2,31.2
447,Product,Junior,50000-70000,Hybrid,Medium,113,7.6,16.7,6.6,6.5,0.7,7.6,37.0
448,Data,Lead,,Hybrid,High,90,6.7,14.2,6.3,4.5,2.6,4.3,43.1
449,Engineering,Senior,50000-70000,Onsite,High,92,7.1,5.5,9.4,2.7,3.1,5.2,32.2
450,Engineering,Mid,90000-110000,Hybrid,Medium,114,7.9,10.7,5.7,4.0,2.3,5.1,35.9
451,Data,Mid,,Remote,High,88,5.3,12.9,7.1,4.0,1.8,2.4,31.6
452,Data,Senior,50000-70000,Hybrid,High,107,4.8,24.4,7.1,4.7,5.8,5.3,35.1
453,Engineering,Junior,40000-50000,Hybrid,Medium,44,3.8,17.8,6.0,1.9,4.6,7.5,32.9
454,Product,Lead,50000-70000,Remote,Medium,128,4.3,8.3,4.3,4.9,5.8,3.5,24.3
455,Engineering,Mid,90000-110000,Remote,Low,120,11.9,17.4,7.6,1.0,6.4,8.1,37.2
456,Engineering,Mid,90000-110000,Onsite,Low,87,8.5,7.3,6.9,3.1,5.5,7.0,16.9
457,Engineering,Mid,50000-70000,Hybrid,Medium,146,3.3,20.4,8.0,3.3,6.3,4.5,33.1
458,Engineering,Junior,90000-110000,Hybrid,Medium,157,3.4,12.6,5.9,4.9,4.9,5.7,28.9
459,Engineering,Junior,70000-90000,Remote,Medium,55,7.0,14.5,9.4,4.0,2.6,9.2,46.3
460,Engineering,Senior,50000-70000,Hybrid,Medium,89,7.1,21.6,5.2,1.9,7.1,7.5,42.2
461,Engineering,,90000-110000,Remote,High,89,7.1,8.6,10.4,2.5,3.8,6.0,36.2
462,Data,Mid,50000-70000,Hybrid,Medium,82,5.5,8.0,3.5,4.3,3.1,5.5,27.1
463,Data,Junior,50000-70000,Remote,Low,153,5.7,12.1,7.9,3.9,4.6,6.2,39.2
464,Data,Mid,40000-50000,Hybrid,High,112,6.7,20.2,8.0,3.1,3.2,5.0,34.0
465,Product,Junior,50000-70000,Onsite,Medium,109,6.2,7.4,5.4,3.3,4.2,1.8,22.5
466,Engineering,Mid,40000-50000,Remote,Medium,39,1.6,5.0,7.8,5.0,5.7,10.1,30.9
467,Engineering,Senior,90000-110000,Onsite,High,145,5.5,12.7,9.6,3.2,5.7,6.3,27.5
468,Product,Junior,40000-50000,Remote,High,70,4.3,17.8,2.6,3.9,3.2,6.8,27.3
469,Engineering,Mid,40000-50000,Hybrid,High,122,6.4,21.0,8.0,7.3,4.0,5.9,42.9
470,Product,Mid,40000-50000,Hybrid,High,131,12.0,12.7,2.0,1.9,7.1,4.5,
471,Engineering,Senior,70000-90000,Remote,High,174,6.7,12.9,5.1,1.2,6.0,5.6,31.0
472,Product,Lead,40000-50000,Hybrid,Low,67,5.4,20.8,10.3,5.2,9.2,2.8,31.7
473,Engineering,Senior,50000-70000,Hybrid,High,20,7.8,5.7,5.8,3.0,7.4,10.6,25.0
474,Product,Junior,40000-50000,Remote,Medium,127,7.0,13.1,4.7,3.5,7.3,3.5,
475,Data,Junior,,Remote,High,192,6.8,16.0,6.6,2.8,2.2,3.9,41.1
476,Product,Junior,40000-50000,Hybrid,Low,169,7.2,17.2,11.1,3.6,6.5,5.1,-5.0
477,Engineering,Mid,70000-90000,Hybrid,High,128,10.1,12.5,3.3,6.4,4.9,8.6,38.4
478,Data,Junior,90000-110000,Hybrid,Medium,100,3.7,15.2,4.9,5.2,3.9,6.0,32.8
479,Product,Mid,40000-50000,Hybrid,Low,152,,5.0,10.0,5.3,5.3,3.5,32.6
480,Data,Mid,40000-50000,Remote,Low,81,4.1,11.7,10.7,1.9,6.9,8.5,29.2
481,Data,Mid,70000-90000,Hybrid,High,139,7.1,17.3,6.8,2.3,6.0,7.5,44.0
482,Data,Senior,40000-50000,Remote,Low,140,4.2,10.1,4.5,1.0,3.2,7.1,27.5
483,Engineering,Junior,50000-70000,Remote,Medium,162,5.2,15.3,11.2,2.8,6.5,7.4,37.0
484,Data,Junior,40000-50000,Remote,Medium,230,5.4,17.2,10.2,5.4,3.7,10.8,62.5
485,Data,Senior,40000-50000,Remote,High,135,8.0,13.3,8.4,4.8,5.4,10.4,38.1
486,Product,Mid,90000-110000,Remote,High,99,7.8,15.9,5.4,3.7,4.4,4.6,32.6
487,Engineering,Senior,90000-110000,Remote,Medium,118,3.5,10.2,6.9,4.0,4.6,9.2,26.8
488,Engineering,Mid,40000-50000,Hybrid,Medium,49,6.1,14.0,6.7,3.0,6.5,6.8,36.8
489,Product,Junior,70000-90000,Remote,Medium,92,4.6,18.1,7.7,4.3,2.9,7.0,50.0
490,Product,Senior,90000-110000,Remote,Medium,103,,15.8,9.9,5.1,8.9,2.6,
491,Engineering,Senior,40000-50000,Remote,Medium,99,5.6,12.1,8.8,1.6,1.4,5.7,40.9
492,Data,Senior,90000-110000,Remote,High,126,5.4,16.1,4.8,4.4,3.8,4.4,31.8
493,Engineering,Junior,40000-50000,Remote,Medium,87,10.9,18.6,9.8,5.4,5.7,7.7,
494,Engineering,Mid,90000-110000,Remote,High,164,6.9,5.0,7.6,3.4,five,8.1,19.3
495,Engineering,Mid,90000-110000,Hybrid,Medium,120,3.2,20.8,8.4,5.1,4.8,1.9,44.7
496,Engineering,Junior,50000-70000,Hybrid,Medium,119,4.9,13.3,9.9,8.2,4.9,6.0,41.8
497,Data,Lead,40000-50000,Hybrid,Low,106,8.0,17.1,4.8,3.8,5.8,8.2,36.7
498,Engineering,Junior,40000-50000,Remote,High,126,10.2,21.0,6.9,4.6,4.5,5.6,52.3
499,Product,Lead,40000-50000,remote,High,153,2.8,8.1,5.9,2.9,7.8,7.5,200.0
500,Product,Mid,40000-50000,Hybrid,High,85,2.2,11.5,3.9,4.3,6.7,6.7,25.9
199,Product,Junior,90000-110000,Hybrid,Low,20,5.7,23.8,8.2,3.1,7.2,8.2,39.8
104,Data,Junior,40000-50000,Onsite,High,108,4.8,19.3,3.7,4.5,4.6,10.3,42.3
285,Data,Junior,70000-90000,Remote,Medium,74,7.0,24.5,4.3,5.9,1.7,5.1,44.7
365,Product,Mid,40000-50000,Hybrid,Low,88,7.1,14.1,8.7,3.9,5.5,8.1,37.4
428,Product,Mid,50000-70000,Onsite,Medium,136,7.4,16.0,9.8,2.4,7.1,1.6,34.9
121,Product,Junior,90000-110000,Hybrid,Medium,104,5.4,16.3,4.4,2.3,4.0,7.0,31.8
289,Engineering,Mid,40000-50000,Remote,High,114,7.4,16.5,8.4,3.1,6.9,4.4,28.4
35,Product,Senior,50000-70000,Remote,Medium,127,5.0,8.4,6.9,3.0,6.7,8.0,27.1
253,Product,Mid,40000-50000,Remote,High,47,10.0,14.5,9.2,2.7,2.4,5.5,40.4
131,Engineering,Senior,70000-90000,Hybrid,Medium,83,5.6,13.4,4.8,4.3,3.3,8.9,36.5
88,Data,Junior,50000-70000,Remote,Medium,77,3.1,17.0,6.5,4.7,5.0,1.0,23.4
70,Product,Mid,50000-70000,Remote,Medium,62,7.6,18.9,5.8,4.5,4.7,9.5,43.1
11,Engineering,Mid,40000-50000,Remote,Low,23,6.8,10.4,6.8,1.0,3.1,4.2,25.9
80,Engineering,Junior,50000-70000,Onsite,Medium,86,6.0,17.3,6.9,3.0,5.0,4.9,38.9
176,Engineering,Lead,90000-110000,Remote,High,152,4.8,21.7,9.5,5.6,5.8,5.0,44.2
